id;first_name;last_name;phone_number;adress;other_details
1;Adriel;Wunsch;Togo Central Oklahoma;Compatible pixel;Ergonomic Soft Computer wireless
2;Ethel;Corwin;Reduced;Refined Wooden Soap Somoni;Utah SQL
3;Brayan;Orn;New Leu SMTP;instruction set;port e-business Intelligent
4;Cathrine;Windler;solution synergistic Liaison;Customizable;Legacy
5;Bianka;Cormier;Bahraini Dinar grow;killer hard drive Sausages;Passage Borders
6;Yolanda;Nienow;Latvian Lats;override Borders Fresh;solid state back-end card
7;Lavada;Kutch;bricks-and-clicks;online Savings Account;Health standardization Tasty
8;Filiberto;Bashirian;microchip Cambridgeshire connecting;synthesizing;digital Solomon Islands Dollar
9;Elyssa;Rowe;Analyst;Principal;invoice FTP
10;Dortha;Treutel;Dynamic Uganda parse;Awesome Toys Handcrafted Plastic Salad;sticky blue Movies
